Q7963657,ARG
Q2876097,CHN
Q4210329,KAL
Q3564949,MLT
Q16902401,SRB
Q1629309,MLI
Q7620147,SLB
Q7852144,THA
Q7926998,VCT
Q10853513,AGO
Q749142,ANG
Q3885980,BTN
Q3914083,CMR
Q1708068,DEC
Q1654914,LBR
Q7885600,MRT
Q652112,MTN
Q649827,SLE
Q7624879,SUD
Q8026242,GIF
Q3913349,GDB
Q808307,BAD
Q1626991,SBD
Q3888255,BED
Q7987415,WST
Q5330867,ESW
Q3566501,MKK
Q8688,SFO
Q1708272,CHA
Q7314385,FRG
Q649779,HAB
Q875749,MSP
Q1031183,NBC
Q7990721,ARM
Q3015021,NRA
Q17567,SDL
Q651920,MEI
Q7192417,PIR
Q7878301,UKI
Q4732325,AIA
Q6586969,CLM
Q597649,CLT
Q15221313,GAS
Q3275504,SEE
Q3566195,MLE
Q3219935,LSF
Q7568530,SGS
Q4275729,MCD
Q3913849,GNU
Q1962339,CXP
Q7161603,PLN
Q1430745,ALB
Q3566524,MAF
Q127530,MIA
Q130864,SWF
Q3017107,NGS
Q7788167,ALX
Q10853394,LAL
Q4724319,AXA
Q1528300,MYR
Q175028,SYR
Q3886790,BWP
Q5608843,SKY
Q6537129,LOT
Q3886700,MOS
Q6486173,AIG
Q5607374,GNF
Q213717,ORD
Q2876092,MOP
Q5642669,LRD
Q3497401,PSC
Q7933774,BFR
Q2264909,HPY
Q7059931,MSL
Q1962346,CEA
Q4720986,AXN
Q2875759,ABE
Q4705990,ALM
Q1270197,CVX
Q319654,LGA
Q14295,SEA
Q3298050,SLI
Q812921,BAB
Q14692549,CNB
Q4218955,AFE
Q5622848,GUY
Q1528621,MKG
Q7494882,SHR
Q651887,TLR
Q3886228,ASL
Q452290,MLU
Q3029774,AAP
Q493759,IWA
Q3274280,GLE
Q7569353,BRL
Q528578,VNY
Q1655266,HDH
Q576617,BLV
Q3565245,BLV
Q1675277,ITH
Q1431894,AAA
Q6588352,ASJ
Q18604507,DLZ
Q1431348,GYY
Q3274043,JAU
Q1432602,RST
Q1433080,TVC
Q1657067,FIG
Q1444431,TKO
Q3886575,HNM
Q3274027,IWD
Q1471549,OAJ
Q2876108,AST
Q4312432,IKO
Q1528865,MUT
Q3914257,GRD
Q1570890,AMA
Q1578972,ABQ
Q1575175,JRB
Q7420109,MNI
Q4720016,AMT
Q1636887,CEF
Q7989534,CEF
Q1655853,AKO
Q1654308,BKW
Q1654955,BMT
Q1654627,BVI
Q3813597,CMA
Q1654969,COE
Q1655506,COQ
Q1655177,CRO
Q1655525,CTY
Q1655681,DED
Q1656069,DEE
Q1654907,DGL
Q1654971,DHT
Q1655420,DKB
Q1655287,JQF
Q1655815,MIE
Q1655398,MKN
Q1654898,SJX
Q1654486,TNT
Q1654155,UBE
Q1654709,UKL
Q1658451,AEG
Q1656327,BBD
Q1657287,BLI
Q1657258,CAE
Q1657236,CFV
Q1658297,CJX
Q1656893,DGW
Q1658303,DLO
Q1656746,RPB
Q1707663,CHK
Q5096213,CHK
Q1708129,CPK
Q1708371,DCM
Q1708005,DCY
Q1707744,DSV
Q1708338,JHW
Q1708812,DAB
Q7230551,KPC
Q1781135,KOA
Q1836114,CDR
Q1837682,CIK
Q1836163,CNU
Q7430185,SPB
Q1835609,YKN
Q1656133,DYA
Q3085034,BAX
Q1857178,RIC
Q7178368,MPJ
Q3565893,RCT
Q4069478,ARC
Q6693081,RBW
Q1655311,MIC
Q1941464,BFM
Q1961288,CDC
Q1961079,TVK
Q1972210,NTD
Q1148619,STT
Q2060338,HOM
Q2065880,ANB
Q2088517,DVT
Q2087441,VRB
Q7573929,SPA
Q3084957,HLA
Q4368996,PHO
Q2213419,HSV
Q5482369,FOK
Q6588311,TRK
Q7860129,TYR
Q2257760,ALW
Q2268242,MTC
Q4152880,GST
Q7945760,BTL
Q2900549,PTK
Q1654801,ONX
Q3913377,GRE
Q4454235,TER
Q3566217,IER
Q3565088,MDO
Q6728062,MDS
Q3565235,MGC
Q3565466,MIO
Q3564966,MLS
Q3566367,MOD
Q3565435,MWL
Q3564872,MYJ
Q3565405,NRC
Q3565247,NUQ
Q3565201,OXD
Q3565652,PKB
Q10849494,RED
Q3566249,RVL
Q3566237,VTN
Q3565049,WNA
Q1837643,CHO
Q3612524,MRY
Q3813462,3U3
Q3813451,BUY
Q3813582,BWG
Q3813570,BYI
Q3813472,CCB
Q3813526,CRS
Q3813491,CSB
Q3813536,CXL
Q3813568,FWB
Q3813478,HAO
Q3813585,HQM
Q3813448,HRO
Q3813739,OEB
Q3887968,AQW
Q3887175,ARB
Q3886101,HAY
Q3886782,HBG
Q3886683,HJO
Q3888248,HMT
Q3887205,HRJ
Q3886078,HRR
Q3886062,HTH
Q3887920,IOB
Q3888218,MBO
Q3888046,MDT
Q3887196,MNZ
Q3886707,MWK
Q3886737,PHT
Q3887224,PTN
Q3887288,TMA
Q3885976,VGC
Q3914547,BGM
Q3913407,CKC
Q3914054,GCN
Q3913713,GCY
Q3914081,GLD
Q3914014,GSZ
Q3914246,GXY
Q3914582,HGR
Q3914326,LWB
Q3914227,ROC
Q7057892,SGJ
Q4072965,AKK
Q1657006,BKL
Q619659,BTM
Q4107142,VEE
Q3275452,AKH
Q10853391,SME
Q3085060,HON
Q4210326,KLG
Q4222788,AQC
Q4221052,IIK
Q4222493,KKB
Q4227896,JZZ
Q4242688,ELM
Q5398357,ESF
Q4274769,RBY
Q4328379,EWU
Q4392064,DGG
Q4389818,RMP
Q7103082,ORL
Q2231697,ANI
Q4407485,SDP
Q4404253,SVA
Q4409160,WSN
Q4454597,TKE
Q4459632,OOK
Q1657197,TKI
Q4459336,TOG
Q6420011,AKW
Q4742089,AHC
Q4699331,AIT
Q4734800,APN
Q1528684,CEY
Q4769888,ANE
Q4773159,ANY
Q1430885,ACY
Q4788207,ADM
Q1658340,ARW
Q4792374,AWO
Q2061693,BRW
Q1656106,DVL
Q7286914,TTA
Q2505424,JNU
Q7814821,CZL
Q7636564,SLR
Q3888019,FRN
Q1329887,TRI
Q2694607,BMC
Q1034428,CGI
Q7419977,IZA
Q2750047,BTV
Q1360523,SJU
Q2789600,DLL
Q2787766,WDR
Q2902514,ADT
Q2876017,ACB
Q2875740,CRW
Q2876019,ILG
Q2901892,AGS
Q2901709,ASE
Q2901946,ATK
Q2901589,ATS
Q1657436,CPC
Q2901938,EDC
Q2902568,JBR
Q2903428,JMS
Q2902633,JST
Q2901720,JVM
Q2901783,LEW
Q2902472,OKB
Q2901911,OKM
Q2902409,OSU
Q2901606,OXB
Q2903358,PTS
Q2901334,VER
Q537950,MKE
Q6435175,SKX
Q3015988,AXV
Q3016331,EED
Q3016218,EOS
Q3016436,IDP
Q3016266,IIB
Q3017621,IMM
Q3016323,NFD
Q3016367,NFW
Q3015953,NQX
Q3016981,NSI
Q3015462,NZC
Q3015083,TYQ
Q956022,GFA
Q3084717,BGD
Q3084992,HHG
Q3085442,IDA
Q3084862,UTS
Q3087341,ROI
Q3100400,SSC
Q3207581,CHU
Q3206803,CMX
Q3207043,HCA
Q3206591,HUL
Q3207504,HUS
Q3207011,HVC
Q3207085,S09
Q3207021,SPX
Q3206987,TME
Q3246610,EUG
Q3274270,CDK
Q3274191,CNH
Q3274144,EHM
Q3273975,FFT
Q3274307,GBG
Q3273948,GDM
Q3274675,GGE
Q3274015,GLR
Q3274424,GTU
Q3274788,AQY
Q3275497,CNY
Q3275418,CZN
Q3275259,GCK
Q3274245,CNO
Q3305748,VPS
Q620082,BML
Q3357652,FMH
Q7252785,PVU
Q2901510,RAC
Q3373000,SQL
Q8068762,PJC
Q3457490,AZO
Q7660543,SCD
Q3456916,SVW
Q3497392,END
Q7354338,RBE
Q3813399,OVS
Q3536484,ROW
Q10851618,TNU
Q3545149,IFP
Q3545147,LNK
Q3565192,APC
Q3565926,ASH
Q3565269,GLH
Q597631,SFB
Q597793,BCT
Q598817,BUR
Q597021,DUG
Q6659643,OZW
Q10853507,PRN
Q651188,ADK
Q3015070,ADK
Q651607,BLF
Q650060,GHG
Q650075,MCB
Q649964,MLC
Q650218,MYU
Q649929,TYS
Q651495,TYS
Q652265,BFL
Q652505,DTW
Q652061,HQZ
Q652283,LUM
Q652272,MBS
Q652738,MMK
Q3274932,GWW
Q14709550,MAO
Q4671605,ARA
Q5365414,LUG
Q5126351,GCM
Q676576,DCA
Q929859,MCO
Q4776383,ABO
Q597366,HSE
Q3913939,GNI
Q3887604,SDM
Q7258455,PUB
Q3913365,GSW
Q7035731,FSP
Q3274722,CHP
Q1655847,AZC
Q797442,MRB
Q7169856,PRO
Q1444500,MTW
Q7359801,FOT
Q3888513,GEO
Q847772,GSO
Q847779,ILM
Q14710416,CPT
Q1657072,CJR
Q2828202,PMD
Q6456919,PMD
Q865724,BHM
Q2720229,FAT
Q866831,MEM
Q7186971,A39
Q1230410,COF
Q4391335,RSH
Q2264870,BAM
Q6800521,MCK
Q912916,PHX
Q1432196,ORF
Q937590,ISP
Q939904,PPG
Q953843,YAK
Q2902480,BHK
Q1708040,FCI
Q3813573,CBG
Q1025454,JAN
Q1029543,AVQ
Q1654675,CSM
Q1320523,SPI
Q4805533,ASY
Q7419700,SMX
Q7671738,CNW
Q7442826,SEF
Q1430662,CMI
Q20743711,CXW
Q1135486,DAY
Q1137513,TNI
Q1147092,ROR
Q2901500,ARR
Q7099535,ORC
Q1156865,IND
Q10850860,LAM
Q3566209,MAN
Q1177897,DMA
Q1754749,JAC
Q1199087,SDF
Q6712618,PLK
Q330015,DEN
Q1432706,SAT
Q1257667,GSN
Q4063625,AAT
Q1709070,DNL
Q6588521,TVY
Q1321656,VQS
Q1654495,CCA
Q1443713,MKT
Q4272488,MHK
Q7104057,ORB
Q3813494,BMQ
Q7537734,RCM
Q1425838,STL
Q7163487,CKZ
Q7171665,O69
Q7170441,TDF
Q7195508,24S
Q7195323,IEN
Q7201466,PCM
Q7206532,MPO
Q7231409,POV
Q7231859,TTD
Q7231618,VPZ
Q7634564,SFQ
Q7271992,UIL
Q7272181,UIN
Q7288261,PNA
Q7291126,RIU
Q7306283,HUA
Q17512669,RWN
Q7349480,RKR
Q7354462,UZA
Q7363010,REO
Q7360953,VIH
Q1708587,C05
Q7383826,RYN
Q7396997,MHR
Q7406176,SAS
Q7559817,SMQ
Q7404650,SNS
Q7404695,SUZ
Q7414773,ALS
Q7414748,SBP
Q7416157,SHN
Q7427403,ANJ
Q7428734,HYR
Q7419921,SXU
Q7447213,11S
Q7439166,SCB
Q7441751,SRC
Q14688950,CRZ
Q7492269,SBM
Q7493349,SBX
Q7494187,SHD
Q7499376,SAA
Q7502965,SOW
Q7511619,FHU
Q7537122,SKW
Q4423475,SLQ
Q7568960,ISW
Q7580857,ASG
Q7417651,SFM
Q10850476,SPZ
Q7596652,RMN
Q7587517,SET
Q7619608,SRV
Q7615490,STE
Q7617308,SWO
Q7624834,WLD
Q7639158,HSD
Q1432789,SAV
Q7427836,SAV
Q7638066,SMS
Q7637765,UMM
Q14709781,SUO
Q7648830,SVE
Q555412,JSY
Q2061612,TAL
Q7851193,TCC
Q7697191,MQW
Q7694819,TSP
Q7707719,LBX
Q7795723,THM
Q7838426,PQL
Q7853522,TUP
Q7853099,UTA
Q7894481,UOX
Q7914015,LMO
Q7921938,VEL
Q7919997,VNC
Q7958858,ACT
Q7959165,ADC
Q7959832,AHQ
Q7962246,JFX
Q7971382,ACQ
Q7970906,ASW
Q7974751,JWG
Q7970137,RNC
Q7974545,WVL
Q7982550,ENV
Q7981690,LWL
Q7987690,RHP
Q7987017,WWR
Q7992309,HLG
Q8017265,OWP
Q8022445,WLW
Q8023841,BGF
Q8025488,INK
Q8048097,HDN
Q8051984,WYS
Q8065952,TOA
Q8069328,ZPH
Q8190680,PIH
Q7605416,SBS
Q1431204,DSM
Q7513638,SIK
Q10852272,APG
Q10845754,EFK
Q10852050,FSI
Q10853559,HAF
Q10851492,LBT
Q10852022,LGF
Q10847328,LWV
Q10849322,MJX
Q10849047,MVM
Q10853415,RBG
Q10853515,SGR
Q10853401,SSI
Q10848525,TYL
Q10858364,IXD
Q11763993,LGD
Q1656934,CPM
Q8062867,CRT
Q7330611,RLD
Q14688952,CSQ
Q3813540,KTS
Q3813575,ELN
Q1432595,LCK
Q3734163,GAL
Q14714613,TKV
Q14709770,MKA
Q7848340,TCS
Q755023,DOV
Q3885946,HAE
Q1655879,SEM
Q10860392,WRI
Q597390,BCV
Q2902435,CRG
Q1247541,DDC
Q1433138,DUT
Q1554290,GPT
Q7367579,HTL
Q10851736,PDC
Q1835496,PGD
Q7230479,TPO
Q598642,TTK
Q2318365,WRB
Q1655921,DTL
Q2901381,LXN
Q3913258,AMN
Q7414816,HYI
Q7099554,ORG
Q2560021,LTS
Q597483,BID
Q768542,ADW
Q19985418,ADW
Q3275758,SUN
Q6475279,LCH
Q7338544,RAL
Q3016361,NOG
Q7183231,TOP
Q1416857,SKF
Q10860401,SKF
Q7366227,RCP
Q14688070,SLO
Q3085119,SVN
Q5472062,FSM
Q8051999,COD
Q3275053,GAB
Q4250384,KWT
Q650346,MRI
Q1030738,NCA
Q1347672,OMA
Q7103442,OMN
Q7688795,TAN
Q7300558,RDG
Q531178,HNL
Q2744821,ABI
Q7537959,BTF
Q652208,HOT
Q7567819,TDO
Q1984520,IAG
Q8685,JFK
Q3277758,DLH
Q3888204,LRO
Q18156936,ROS
Q1658290,DLG
Q1029749,MAI
Q7330918,RID
Q1333923,SAN
Q3612603,BLM
Q24893,EHA
Q7227574,PNC
Q7293564,TIP
Q7703348,HUF
Q10853596,UKF
Q6749699,MXA
Q7587565,PLR
Q2792155,CMD
Q7231412,A14
Q5347039,EEK
Q7295896,RTN
Q3242002,HVN
Q4850534,MLJ
Q4731515,BIG
Q5134046,CTZ
Q10850887,CCO
Q7071965,CSL
Q1655743,CLW
Q1655449,CLP
Q1707602,CYM
Q3913448,UNI
Q1708644,DAN
Q5305340,LOR
Q6588637,TOL
Q5317482,POU
Q5330354,PDT
Q7894506,EDU
Q7568644,EBG
Q5363880,EKX
Q5368417,ELO
Q1184874,ESC
Q5364306,ZEF
Q5382374,EPH
Q5378895,WDG
Q5388261,PCW
Q5416968,UCY
Q5430598,FRM
Q5430331,FWC
Q5449983,FDY
Q5439010,FYE
Q5439057,FYM
Q5453024,FFA
Q5501605,FFX
Q5456581,RIR
Q5463377,FCM
Q5470447,FCY
Q5468824,FXY
Q5472005,FSK
Q5472402,FTW
Q5472409,FWS
Q5473883,FZI
Q5490798,FKS
Q6588126,TIW
Q3913397,GRF
Q5608629,PBF
Q5611421,GMJ
Q3273831,GPI
Q5667966,PHD
Q5713186,HNZ
Q5807775,VGT
Q6129037,TMK
Q3274201,STF
Q3015575,JRF
Q6350082,JRF
Q6372624,KYK
Q6413305,LMT
Q6419636,LMT
Q6415839,IRK
Q6415430,PGR
Q6442992,LKK
Q6456550,OLF
Q6460740,LGC
Q6463288,LHX
Q6476111,HII
Q6480900,LLU
Q6492168,LRU
Q6500973,LUX
Q6501827,MEB
Q6511111,LEB
Q6504207,MWC
Q6548793,AOH
Q6551290,IPJ
Q6550979,LHM
Q6586790,PHF
Q6587079,PNS
Q6586952,RRT
Q6588328,HTS
Q6588762,XSA
Q6649964,LXL
Q6666913,LGU
Q8564061,LBO
Q6706115,LYV
Q1187633,GRO
Q6730879,TWF
Q6745883,MMH
Q6981199,AK62
Q7005636,BAZ
Q7012189,ULM
Q7156900,PAN
Q7058055,EDE
Q7051088,OFK
Q7055970,ORK
Q7061633,OWD
Q1655450,O60
Q7087140,OLV
Q259426,ORI
Q7110023,OTM
Q7973904,OXC
Q7115707,OXR
Q7124239,FMY
Q7128503,PAO
Q7156510,PXK
Q649195,MKL
Q5311064,DUB
Q6879105,CHQ
Q3274636,PIA
Q5368397,ELY
Q7352987,RBM
Q597859,BIF
Q3275353,CRC
Q255637,AVP
Q14713032,OMH
Q7831803,TKC
Q290929,FAY
Q2901475,AUO
Q3813435,CDA
Q5501026,SER
Q387593,BIS
Q388563,XNA
Q2875753,ABY
Q3888275,ANK
Q10853302,ANP
Q214861,ATL
Q7231510,PRZ
Q5457039,FLG
Q428353,GZS
Q3565912,APF
Q459096,DFW
Q461492,VBG
Q466786,EWR
Q466835,IAD
Q4647271,APH
Q476480,TEW
Q5608857,RME
Q4065224,AGN
Q512128,PHL
Q515522,TUL
Q7093673,UCA
Q15204542,FNB
Q571536,TPA
Q584359,AKN
Q7011267,PSK
Q597869,BDG
Q597755,DZJ
Q598252,ZUN
Q613569,DAL
Q619997,BET
Q619651,BGQ
Q620037,BYS
Q620090,CPX
Q619642,UDD
Q619602,VBT
Q3274738,HEI
Q4678286,ADH
Q597590,LAN
Q649119,MMI
Q652201,FLP
Q652649,IAB
Q651940,LDM
Q652794,MCG
Q649841,MCZ
Q2546471,HHI
Q671475,BOS
Q681505,HMN
Q1999664,TIK
Q5363985,ELK
Q649221,MPG
Q1658283,CGA
Q744748,IAH
Q772391,COS
Q969087,COS
Q787782,PVD
Q3888241,BKV
Q915657,BZN
Q3564924,BPI
Q7511340,SRR
Q1138771,SNP
Q2789750,BTI
Q853886,LAS
Q650231,MDM
Q917528,GEG
Q1655179,DIJ
Q934833,ORS
Q949831,ONT
Q954097,CAK
Q1655643,CAV
Q3565547,MSO
Q3274977,GOP
Q3850219,NRR
Q597986,BUF
Q1030802,MGG
Q1031391,MRF
Q1031279,NFG
Q1030442,NYL
Q6587748,NYL
Q1048131,CPR
Q1657051,DTA
Q7491224,EZS
Q5472295,FWA
Q1657143,CAG
Q1655488,CTB
Q151121,CVG
Q3014736,OUL
Q1654494,CBF
Q4731808,ACP
Q652030,MLB
Q1430977,BBG
Q5448864,FOM
Q1192962,RDU
Q1433111,TUS
Q3545563,SAF
Q7540369,ASD
Q10853423,PUJ
Q1398381,DRO
Q1420233,BDL
Q1420178,PTY
Q1433469,AKP
Q1430913,AUS
Q1431106,CDB
Q1432440,CMH
Q14713962,EBD
Q1431295,FAI
Q652716,FLY
Q1431712,ISO
Q7689921,MDZ
Q1432470,PWM
Q2902372,VLL
Q10853400,MAL
Q1657121,RBD
Q1940767,SZL
Q1510001,GRR
Q1528850,MBT
Q1708147,MQS
Q6388881,TMB
Q3139697,HST
Q3274034,HBR
Q1656177,CEC
Q1655407,CGC
Q1654984,CKF
Q1656475,CKN
Q1655745,CLF
Q1656899,CLF
Q1654064,CLK
Q1655133,CSG
Q1655797,CWI
Q1655839,CWS
Q1656124,CXF
Q1653996,CYW
Q1656166,DHN
Q1655238,DLS
Q1654629,EYF
Q1655209,FGU
Q1654467,GYH
Q1656721,HYW
Q1654833,JVY
Q1654076,LOL
Q1654299,MTO
Q1654437,PDK
Q7126337,PSX
Q1656825,BAK
Q1657224,BTY
Q1657089,CAO
Q1657858,DET
Q1657494,DEW
Q1656882,DYL
Q1658511,IBN
Q1657084,RNV
Q1658139,TPL
Q4312465,IGT
Q6483153,LKR
Q1692316,SNA
Q1708348,BGE
Q1708523,CIC
Q1708066,CQW
Q6404273,CWC
Q1708583,CWF
Q1708629,DNN
Q1707887,DVN
Q1707737,DWH
Q1708023,DXR
Q1708314,EXX
Q1709052,GDV
Q1707959,JSO
Q1708570,KCG
Q1708542,KCL
Q6727147,MAE
Q1708084,MKO
Q1708497,SCC
Q1784194,LRF
Q1708634,CNI
Q1836302,EQY
Q1836085,WCR
Q7697672,TEX
Q1946339,MXO
Q1962462,BMI
Q1962633,CNM
Q1962553,MER
Q1961164,OWK
Q1961124,TSO
Q3813571,RZN
Q6908302,MDF
Q2060909,AFM
Q2060917,ENM
Q2060296,KFP
Q2061620,KWF
Q2061631,PSG
Q2076613,KTN
Q7339802,ROA
Q2187683,CVS
Q2264860,BDE
Q2264945,BVX
Q2276582,BQN
Q4711466,SPG
Q2304806,BEH
Q2901640,ADU
Q16892446,HLR
Q8021210,MWA
Q6588049,TSG
Q2502241,OME
Q2550620,PSP
Q810875,BTR
Q2625576,VAD
Q1655163,BST
Q2750364,TXK
Q2788148,BNG
Q2788436,BNL
Q2789540,BOW
Q2791930,EDN
Q2788470,HYA
Q2785389,PAH
Q3914544,CQF
Q5927971,ALO
Q2863339,AYX
Q2876107,ABR
Q2875716,BFI
Q3535488,CAR
Q2875766,EYE
Q2876027,HPN
Q2875926,SUX
Q2875880,UUU
Q2901528,ACJ
Q2902527,AHN
Q2901648,AUG
Q2901736,AUH
Q2902840,AUN
Q2901686,AVO
Q2902459,BKE
Q2901232,DEQ
Q2901193,HZY
Q4160121,JAQ
Q2900701,JLN
Q2901208,JOT
Q2901886,JVW
Q2902562,OGD
Q2901636,OJC
Q6671351,O26
Q2931169,CCY
Q1656281,COT
Q3014528,AFK
Q3016678,IPL
Q3017086,NUC
Q3015001,UMP
Q3015060,VCB
Q3017348,NFL
Q3085740,ILI
Q3206812,CVH
Q3206656,HDO
Q3206832,HOE
Q3274732,AIV
Q3274538,AXQ
Q3888234,BDQ
Q3274238,CIU
Q3274856,CXY
Q3275472,EQA
Q3495884,FAQ
Q3275347,FNR
Q3274842,GGW
Q3273953,GNV
Q3275011,GVQ
Q7056982,GYI
Q3275605,HKY
Q3275656,HOC
Q3274552,HOP
Q3274631,JYM
Q3275007,LUK
Q3273947,LUR
Q3275622,RIL
Q3275769,UVA
Q3385055,BRO
Q3456412,GTF
Q767753,ANC
Q1337719,EAT
Q1257392,SJC
Q3545131,EVY
Q3565953,DPG
Q3565266,GZH
Q3565482,HFJ
Q3565309,KEB
Q3566230,LHW
Q3565917,MCN
Q3565039,MEV
Q3565556,MHE
Q3566301,MOT
Q3565276,NDZ
Q3565237,NSE
Q3612935,MGM
Q3611999,MVC
Q3612301,SOP
Q3813404,BDU
Q3813391,BNO
Q3813531,BPP
Q3813760,BTP
Q3813757,CDI
Q3813595,CPU
Q3813569,LOU
Q3813397,OQN
Q3813482,PKV
Q3822466,RUQ
Q3888006,BFK
Q3887778,BHB
Q3888160,BQR
Q3887239,BWD
Q3886005,BXK
Q3887628,EHR
Q3084752,GIC
Q3886916,HEY
Q3888265,HVS
Q3887184,HWD
Q3885964,HYS
Q3884843,HZL
Q3885393,KHES
Q3886454,KWA
Q3886768,MPZ
Q3884853,OFP
Q3886411,PIM
Q3886640,VSF
Q2261081,BIV
Q3913914,CBE
Q3914102,GCD
Q3914065,GMU
Q10858096,GOO
Q3913646,MWH
Q2901846,RVR
Q4062449,ALZ
Q4745882,AMW
Q597891,CNK
Q4062541,6A8
Q4059477,AKI
Q4066670,ANN
Q4184618,KZB
Q2063380,ISN
Q1766303,GSB
Q7571377,KLS
Q4230434,DUY
Q4245564,AQH
Q4280545,MBA
Q2784927,S05
Q4321802,WTK
Q4334073,KOY
Q4387053,BYH
Q4421544,SCM
Q4421313,SGY
Q4442567,SVS
Q4455651,HIB
Q4459440,TKJ
Q4461161,KTB
Q4519296,SHX
Q4536620,CYT
Q4531391,EMT
Q4530707,EXI
Q6772584,MQT
Q4568758,SAW
Q4663947,IYA
Q5472378,AFW
Q2876121,LFT
Q4697516,ANW
Q4059807,AKR
Q4737627,AVK
Q7689919,AAS
Q4829102,39G
Q4844692,OMK
Q4712532,BVN
Q7413035,BRY
Q7431153,SCH
Q5071182,CQB
Q5105383,CII
Q3886020,CFE
Q2900627,CUB
Q5182844,RSV
Q5316021,DPL
Q5325239,EGV
Q5329522,GGG
Q5328540,HTO
Q5330472,IZG
Q5362585,ECG
Q5364362,EKO
Q5374403,EMP
Q5388328,EIK
Q5392664,PRC
Q5408306,MAZ
Q5430332,FFL
Q5432665,HZR
Q5432482,INL
Q5442691,SFF
Q5444795,SIG
Q5455431,FIT
Q4392062,RDV
Q5456948,XFL
Q5464966,FLD
Q4480553,FVM
Q5471471,FXE
Q5491719,FKN
Q5491432,FSO
Q5501832,FRH
Q5596366,GGF
Q180129,MHT
Q5623667,LZU
Q5656994,HAD
Q5659192,TNX
Q5680398,HSI
Q5796729,RTS
Q7545285,INT
Q6117009,JXN
Q6117280,MJQ
Q3887123,MNF
Q6391320,ENW
Q6390879,TKX
Q6420042,IKG
Q6417405,ITR
Q6423662,DKX
Q6435311,SJN
Q598259,LEX
Q6475373,LCQ
Q6475487,LKV
Q6503947,HTW
Q6504408,LWM
Q6516447,LEE
Q6507214,LRJ
Q6512829,LXT
Q6521132,SMN
Q6537435,LWT
Q14704423,LRY
Q10851709,LNN
Q6587665,GLS
Q6587871,TLJ
Q6588332,ANQ
Q6588039,HEE
Q6588743,TOC
Q6588251,TTN
Q6604130,CDN
Q6605375,EUF
Q6607209,SUA
Q6669752,LOZ
Q6678739,LPR
Q6684215,LSR
Q6728056,IMS
Q6724863,MAC
Q6742784,MAW
Q6747022,HEF
Q6825484,CEV
Q605739,MYL
Q7005468,EWB
Q7011545,EVB
Q7018922,ONP
Q7054020,XNO
Q7060119,EVU
Q7056318,HWO
Q7071883,OEA
Q7085299,OLD
Q7088975,OLM
Q7094844,ONO
Q7108228,FZY
Q7106435,OSC
Q7344223,PHH
Q7494587,PWD
Q3565257,PKA
Q7142269,PRB
Q7158227,LVJ
Q7155350,PVJ
Q7163354,PEO
Q7161913,PMB
Q7176199,TPF
Q7199486,PSF
Q7229169,GFD
Q7230474,PAK
Q7231705,PTV
Q7235399,PTW
Q14714590,PBH
Q7272858,OQU
Q7305623,RDD
Q7305240,RGK
Q7323021,RPD
Q7326645,SUW
Q7341122,RQB
Q7359323,ROG
Q7355853,RWI
Q7355390,SIF
Q7367542,CRX
Q7370065,FWQ
Q652044,MMT
Q7380935,RCX
Q7380932,RFI
Q7383505,RUT
Q7545150,SLG
Q7404846,SBY
Q7404634,SLN
Q7419789,SMO
Q7419824,SZP
Q7427191,NUN
Q7445110,DMO
Q7458171,SWD
Q7495138,FLV
Q7495217,SWI
Q7513895,BDR
Q7515833,BFW
Q7533754,BVS
Q7537831,ILE
Q7570634,JVL
Q7570865,UXL
Q7575944,MUL
Q7580920,SGF
Q7589731,FPR
Q7587633,STC
Q7597895,HHW
Q7600233,JHN
Q7607603,HSA
Q7629055,TWT
Q14691843,GAO
Q7675571,TQH
Q7831802,TCY
Q7909455,VLD
Q7921606,DNV
Q1708659,SLH
Q7927693,VDI
Q1709059,VES
Q7945615,DBN
Q7970669,HWY
Q7975206,PCZ
Q7988098,BFF
Q7981444,EGT
Q7984430,ETB
Q7980382,EYQ
Q7998131,SPS
Q8001635,PWA
Q8019116,LHV
Q8021256,SDC
Q8032379,OBI
Q8034218,ORH
Q8066147,ZZV
Q14709479,AIK
Q10853392,ARV
Q10853689,DWA
Q10853544,EOE
Q10853404,GVT
Q10851475,LAA
Q10845575,OR16
Q10851748,PNN
Q10851659,RAW
Q10851312,RKW
Q3545151,SGU
Q10851351,SGU
Q10853421,UGN
Q10844839,VDF
Q10860388,BKH
Q12693047,MM2M
Q652306,CDV
Q3887513,HND
Q3274567,INJ
Q1655661,TTF
Q649905,MSS
Q1432481,PVC
Q3886983,BOK
Q7990248,CAD
Q3885914,HBZ
Q650456,MCC
Q1708612,MSN
Q4817173,AQR
Q1654696,PRX
Q3273981,AK7
Q4475609,UNK
Q7338685,RIW
Q2902311,OCF
Q6586946,ART
Q1658047,INS
Q4087670,BIH
Q7991965,ETH
Q635361,FLL
Q14704430,MHL
Q7591245,STP
Q2479108,LUP
Q4520157,SHG
Q1432146,BNA
Q652055,MYK
Q14689347,EBS
Q1961156,GRI
Q10853543,NEW
Q6435461,SAD
Q1136355,GUM
Q3015976,GUM
Q7986233,UNO
Q1707965,DKK
Q597000,MTV
Q59942,TTS
Q7509249,SNY
Q3914110,GJT
Q960480,RCA
Q224558,NUW
Q266448,PPO
Q278010,RBL
Q3274656,MGE
Q4710695,AEL
Q15964466,BIE
Q650767,CRQ
Q868994,LIT
Q2061661,SHH
Q1284157,SRQ
Q7935607,VIS
Q591028,FCH
Q591971,BGR
Q597840,BCK
Q597854,BKN
Q597487,CEW
Q597484,HKA
Q597081,SPF
Q2900733,GEV
Q619579,BBB
Q620032,BTT
Q619572,BVY
Q632829,UAO
Q7461112,MIT
Q649243,COI
Q650081,BBP
Q5471716,FMM
Q3886037,HRI
Q651629,HZE
Q651986,KIC
Q650215,MCW
Q14689096,MEY
Q650205,MFE
Q619575,MKS
Q650245,MTM
Q649760,MVY
Q650085,MZZ
Q652578,PSE
Q16890822,SBO
Q7169753,TEL
Q7313554,RNT
Q1422799,APA
Q4479775,AWI
Q771340,HOU
Q5458780,CKM
Q816737,BDN
Q6477937,TVL
Q846321,OPF
Q7436926,SCX
Q1500002,RSW
Q949049,MKC
Q7128455,P16
Q5399683,CDW
Q4479769,IWK
Q1031195,MKY
Q1029503,NKX
Q1029948,OAR
Q7182749,MPE
Q1061437,MDW
Q1654811,CLI
Q4416330,KSM
Q1146451,LIH
Q7578005,SUS
Q1163183,CHS
Q1029739,DVO
Q7783980,TVF
Q1263279,DBQ
Q1284174,PFN
Q1321158,EYW
Q1320543,HRL
Q1346991,LUF
Q7351984,SYL
Q1378785,HFS
Q1425566,PDX
Q1656573,AAO
Q1654553,ADF
Q14714413,BDJ
Q1430971,BOI
Q1431719,ISM
Q1432668,SMF
Q1432990,TLH
Q1443693,MFD
Q1443677,MLY
Q10851438,LVS
Q1528649,EKA
Q1528445,MUI
Q7382550,RSN
Q1627684,NGU
Q1654844,1H0
Q1656040,AJO
Q1656056,BLG
Q2813736,BVU
Q1657653,CBM
Q1655467,CLR
Q1656909,CRP
Q1655634,CVN
Q1655438,CVO
Q1654606,DLC
Q7626968,DVK
Q1656096,EDJ
Q1654478,FYV
Q1654817,HMZ
Q1658500,ILN
Q4698439,ILN
Q1656078,KCC
Q1654666,RYY
Q1655493,VHN
Q1653979,WBQ
Q1708576,AJC
Q1708392,CKX
Q1708248,DAA
Q1708048,LZD
Q1708320,PWK
Q1708031,SYF
Q1708682,UDG
Q1785757,MXF
Q3017125,NBG
Q6483109,LNC
Q1707627,VAK
Q1961086,ATU
Q1961585,CWA
Q1961438,HZD
Q1963044,VPC
Q1961094,VQQ
Q5093452,SNC
Q2060559,AKA
Q2060150,ANV
Q2060348,AUK
Q2061713,IYS
Q2061650,OTZ
Q2061986,UBW
Q7617479,SSF
Q2075671,KDK
Q2131378,NRB
Q1655919,X95
Q3290458,RHI
Q1708562,CFK
Q14707885,SUT
Q7985888,AWM
Q2502745,ENA
Q2517576,EPM
Q2667517,ADQ
Q2739991,PNE
Q597770,BPG
Q2789542,DAG
Q2876127,FSD
Q2876031,GRB
Q2876116,LAR
Q2876075,PBG
Q2876124,RAP
Q2900611,ASX
Q2902490,BPT
Q2900645,CEU
Q2902253,JEF
Q2901554,JWN
Q6727949,MDQ
Q2901750,OGS
Q2901599,SWW
Q2903816,TRM
Q2949671,AOO
Q2902273,CIN
Q3015471,AQT
Q3016422,CTK
Q3015597,IDI
Q3015050,MQJ
Q3015527,NFE
Q3017076,NIP
Q3014945,UTO
Q3084565,HYG
Q3084586,IGG
Q3207472,HNH
Q3206872,HPB
Q3207120,IGX
Q3207092,OOH
Q3274003,CDS
Q3274221,RCE
Q3275315,FTG
Q3274683,FTY
Q3275291,GAM
Q3275693,GBN
Q3274343,GLW
Q3274958,GQQ
Q3275700,GYB
Q3275021,HXD
Q3275395,LUL
Q7194446,PNP
Q16890449,RZR
Q3274578,WJF
Q3274348,WWD
Q3294586,ATW
Q3303234,ACK
Q1654794,UBS
Q3487295,YKM
Q5642106,IXA
Q7205838,PMZ
Q3545435,EVV
Q3545566,FMN
Q3564838,HEZ
Q3565215,MBG
Q3565295,MHM
Q3565933,MIV
Q3565111,MRH
Q2902486,OBE
Q3613096,BMG
Q3612040,LLQ
Q3612649,MTP
Q3734883,KYU
Q3813498,BFD
Q3813484,BRD
Q3813555,CGE
Q3813500,EUL
Q3888108,BBW
Q3886900,BCE
Q3886977,BQK
Q3886398,BXM
Q3887650,CDH
Q3884906,HAX
Q3887722,HDI
Q3887633,HEG
Q3886884,HFD
Q3885200,HLN
Q3885970,HRU
Q3886580,HVR
Q3888181,HWV
Q3886796,KMY
Q3887134,MGR
Q3887719,MMU
Q3886095,MOU
Q3886198,PIB
Q3888527,RMY
Q3886801,TZR
Q3887136,XBP
Q3914282,AJR
Q3913410,CRE
Q3914445,GBD
Q3913284,GOV
Q3913789,IKK
Q3916534,EGE
Q4052780,VOK
Q1654618,DQH
Q3565563,PSB
Q4225074,OBU
Q4327497,ORT
Q4342738,PAQ
Q4348258,PEC
Q4351722,PEV
Q4368993,KPB
Q4373189,AHP
Q4373193,KPY
Q4373196,PGM
Q4381029,PPC
Q10851768,PTD
Q4373194,PTH
Q4407375,WSJ
Q4419082,SYB
Q4413435,WLK
Q4522576,SXP
Q4531227,ELI
Q4531357,ELV
Q4672683,MFV
Q7971757,AFJ
Q4725933,ALI
Q4732076,XLL
Q4745842,AHH
Q4784205,37V
Q4784140,RKP
Q4816135,FFC
Q4906358,EKS
Q4992240,BJC
Q5054051,OLE
Q5196195,CUH
Q5309998,DPA
Q5309984,DUJ
Q5312782,EGI
Q5330646,CLL
Q5352004,RQO
Q5364235,EKM
Q5430268,FDW
Q5431746,FFZ
Q5444566,FHB
Q5458559,FGX
Q5448852,FKA
Q5455422,FPK
Q5462388,GFL
Q5467650,IMT
Q5466516,MRN
Q5472154,FSU
Q5498613,FDR
Q5516830,GAG
Q5603843,WAY
Q5610758,GON
Q5610546,ONZ
Q5612117,GDY
Q5619280,GUC
Q5621789,GOK
Q7371276,RPX
Q10853412,RNP
Q6163922,RZL
Q6366427,JHM
Q6386977,EMM
Q6393032,EOK
Q6394435,ERV
Q6423552,RKD
Q6426762,OKK
Q6435403,KNB
Q6435348,PGA
Q6469287,FBK
Q6477376,LKP
Q6483107,LNS
Q6504407,LWC
Q6537416,LWS
Q6550603,1L1
Q6588341,CZG
Q6588676,OJA
Q6586764,OLS
Q6588336,PPF
Q6588360,TDW
Q6588643,TDZ
Q6587978,TKA
Q6588527,TNP
Q6588700,TPH
Q6652959,LIU
Q6708484,LYH
Q6724812,MQB
Q6765135,APT
Q6764077,NJM
Q5461496,MTH
Q6981695,NEL
Q7006432,UCP
Q7016591,VTA
Q7058136,FVE
Q7057821,GAD
Q7054761,SFZ
Q7071915,ONL
Q8028609,OSH
Q7116508,BPK
Q7127982,PHK
Q7158801,PEQ
Q7163344,SEG
Q7169714,PXE
Q7193571,EOP
Q7190780,LQK
Q7193569,PBX
Q7197397,PQN
Q7230790,GKJ
Q7227441,PMP
Q7244986,PNM
Q7238775,PTT
Q7253269,DCU
Q1071990,RFD
Q7268601,UKT
Q7289905,RNM
Q7304683,RDK
Q7323871,RMG
Q7330797,RCZ
Q7327421,RVS
Q7353896,RPJ
Q7381916,RUE
Q7378230,RUG
Q7396985,SAC
Q7405011,JSV
Q7413267,SJT
Q7416524,SZT
Q7438166,CDD
Q7445369,SEZ
Q7449527,SRE
Q7490303,CVK
Q7491558,SNL
Q7508919,SDY
Q7546729,MQY
Q7545148,SMD
Q7566309,SBN
Q7567575,VAY
Q7573816,CMY
Q7571331,OTH
Q7572305,TIX
Q7580923,SGH
Q7589682,ALN
Q7600226,SYN
Q7600093,VUJ
Q7620637,L09
Q7636403,MSV
Q7636400,SIV
Q7649397,FWN
Q7680010,ASN
Q7795629,TVI
Q7808995,FME
Q7814190,DUH
Q7840076,LHZ
Q7839706,LNR
Q7857843,NXP
Q7877718,UGB
Q7898398,UPP
Q7919553,FKL
Q7934312,VJI
Q7966003,DUC
Q7974510,ATY
Q7976132,EKQ
Q7974507,RYV
Q7975160,UES
Q7974901,WVI
Q7985422,IWS
Q7992189,GTB
Q7991891,HWQ
Q8010520,DDH
Q8022178,BDH
Q8022265,UUO
Q8025596,ICR
Q8024185,IJD
Q8027082,IWI
Q8025269,LOM
Q8025578,WMC
Q8032174,JDD
Q8060109,MYV
Q7433093,ZER
Q10853577,DYT
Q10851873,EAR
Q10853587,ELZ
Q10853418,RNH
Q10852431,VUO
Q10851499,XVG
Q11763516,EWK
Q4770716,AFP
Q1029760,NGF
Q3888169,HDC
Q1356892,HKS
Q7054774,CKB
Q1658007,CFD
Q16891258,FES
Q4457810,TNC
Q650454,MPI
Q1498314,PAM
Q2359503,SGT
Q3206823,HSR
Q14691815,MNE
Q5388315,ERI
Q4681238,ADS
Q8731,LAX
Q7856724,CFS
Q16903467,CKI
Q3887481,PVG
Q652039,INR
Q94895,BWI
Q5337188,PRG
Q2699491,FAR
Q1962354,CZK
Q2902452,AFN
Q748515,AAF
Q18153750,GGP
Q4682995,SLK
Q1655461,CGF
Q3913728,GWO
Q369185,LSE
Q372239,DTN
Q2900561,TMT
Q489736,PUW
Q491372,UAM
Q3207060,DKR
Q515748,SBA
Q526488,SLC
Q592206,AEX
Q598269,BIL
Q597815,BKT
Q597826,BLH
Q598164,IAN
Q597139,RNO
Q619644,EKY
Q626985,OFF
Q4060265,KQA
Q650373,MAJ
Q651720,MCE
Q652222,MEZ
Q652193,MFI
Q652109,MMV
Q650124,MNN
Q217563,EDW
Q3014982,INF
Q951163,STX
Q722416,AVL
Q723248,CYS
Q1430853,ACV
Q3913188,SVC
Q838219,PAE
Q841771,EFD
Q3914496,GSP
Q3813588,BWC
Q3207615,HUM
Q919899,PVB
Q4416324,SMK
Q3887666,ACZ
Q1029871,HFF
Q1029695,NYG
Q1031829,RIV
Q6704903,LUA
Q1100795,CLE
Q1139087,EWN
Q1165584,OAK
Q1421504,PIT
Q1231062,ELP
Q4151735,GWR
Q5685135,RVN
Q6651684,LLR
Q1394215,NTU
Q1431490,ITO
Q1431579,JAX
Q1431943,LGB
Q1655652,LUD
Q1431674,MCI
Q1431637,OGG
Q1432310,PBI
Q1432570,RDM
Q1433053,TEB
Q1444563,MBL
Q1461076,MSY
Q4413448,SOV
Q1499872,OKC
Q999280,TCM
Q1520213,TCM
Q1584069,PIE
Q1627015,LBB
Q1654828,BEC
Q1654743,BJI
Q1655227,CBK
Q1656353,CKV
Q1655771,CON
Q1655022,COU
Q1655939,DEH
Q1656886,DIK
Q1655804,DMN
Q1656454,DRI
Q1655788,DRM
Q1657383,DRT
Q1654992,DTO
Q1655782,DTS
Q1655063,EEN
Q1655585,OLU
Q1655515,PLB
Q1654788,PVE
Q1654590,SUE
Q1657226,TOB
Q1654449,UNU
Q1657799,CEZ
Q1658244,CKU
Q6540690,LBL
Q1707642,CQX
Q1708105,MGY
Q1708282,MQI
Q1835578,CHD
Q1836219,JZI
Q1835459,LLJ
Q1837097,STS
Q5318578,DYR
Q1962745,AVX
Q1961366,CEM
Q1962678,DMW
Q1961100,GHM
Q1961450,PYP
Q2062820,GFK
Q2061642,KNW
Q2061683,VDZ
Q2097281,PGV
Q2165295,LAW
Q2264933,BYY
Q6435330,JTC
Q2304720,MDH
Q2368364,FHR
Q4218956,KAE
Q2722822,EIL
Q2789706,BAF
Q2791859,EET
Q2875725,JKA
Q2900584,AUM
Q2901764,IKW
Q2902386,84OR
Q2902235,DWU
Q2902186,HBI
Q2902231,LBE
Q3015859,IYK
Q3014558,NID
Q3016415,NRJ
Q3016364,NRQ
Q3015963,NUL
Q3016831,ENN
Q3017096,NBJ
Q3016844,ZNC
Q3084732,HCD
Q3084258,VYS
Q3105846,HIF
Q3207537,AXH
Q3207571,HQG
Q3206602,HYL
Q3274341,CZF
Q3273819,EAU
Q3274607,FTK
Q3274904,GBH
Q3274318,GCC
Q3274796,GDW
Q3275630,GEU
Q3275467,GKT
Q3275535,GTR
Q3275084,GUP
Q3274601,HLC
Q3274548,ISZ
Q3274303,L06
Q3275806,RCR
Q3275436,XMR
Q1638450,HRT
Q14705034,JYR
Q3497425,SUU
Q3545127,GED
Q3565581,GPH
Q3565397,MDD
Q3566546,MOB
Q3566212,MWO
Q3612668,DUX
Q3612046,JKJ
Q3612650,MGW
Q3612914,MNV
Q3612341,MOR
Q3612526,MYF
Q3634549,GKY
Q3813544,BUU
Q3813393,OZR
Q3813389,PWT
Q3813503,RWV
Q3887271,BKX
Q3886986,BVK
Q3888571,CCR
Q3886384,LHB
Q3886055,MGN
Q3887478,MVL
Q3886745,MVN
Q3914745,CFT
Q3914360,GLV
Q3913911,GPM
Q3913546,GTG
Q3914003,HNS
Q3914146,KGX
Q3914349,PMH
Q4060821,5A8
Q4151856,GKN
Q4163723,KKA
Q4197362,EAA
Q4198986,KEK
Q4218665,GGV
Q4220734,KVC
Q4220005,KVL
Q4257451,LHD
Q4368995,PIZ
Q4373203,KPR
Q4385298,TCL
Q4416304,PBV
Q4441417,WBB
Q4450606,TLT
Q4457889,TYE
Q4468436,WMO
Q4479820,KWP
Q4492014,FYU
Q4529769,EII
Q4647199,OKH
Q4690838,AFO
Q4698730,LVN
Q4737044,AXS
Q4754136,AID
Q4766024,IKV
Q4762736,LFK
Q4788200,1F0
Q14688926,BNW
Q5276921,DLN
Q5316250,DUA
Q5330836,ESN
Q5342836,MPV
Q5353435,MZJ
Q5430609,FMZ
Q5432417,FLX
Q5460764,FLO
Q5470978,FNL
Q5467244,FOE
Q5491397,UOS
Q5494106,1C9
Q5498444,FDK
Q5501608,FET
Q5587274,GSH
Q5609666,GUS
Q5642151,RZZ
Q5945065,HNB
Q5950696,HUT
Q5969271,UNV
Q6129080,SIT
Q14686677,JES
Q6407413,GRK
Q6412811,IGM
Q6412943,LNL
Q6435374,INW
Q6435212,RQE
Q6468801,LCI
Q6475484,LXV
Q6482872,LNY
Q6487478,IGQ
Q6513675,GVL
Q6516440,JYO
Q6522297,ADG
Q6541690,LTY
Q6550980,LRG
Q6586746,ECP
Q6587102,PSM
Q6647478,LJF
Q6661673,AQO
Q6671432,CXO
Q6671752,LNP
Q6682492,LSN
Q6696426,ERY
Q6694759,OIC
Q6727945,UYF
Q6793959,MRC
Q7040641,SHV
Q7056358,LBF
Q7058696,PQI
Q7099558,MGJ
Q7099792,OGB
Q7099677,ORE
Q7109214,OWI
Q7114750,OWB
Q7122349,PFC
Q7186890,GYR
Q7190784,JZP
Q7202342,PTU
Q7200322,PVF
Q7205833,PYM
Q7235037,VKX
Q7260984,LAF
Q7297030,RWL
Q7309935,RHV
Q7354696,RKS
Q7359556,MFR
Q7396353,EOD
Q7399266,HYX
Q7493350,EHO
Q7493435,GEZ
Q7493675,SSQ
Q7493437,SYI
Q7517995,FBG
Q7537738,DAW
Q7562198,0Q3
Q7566004,ELD
Q7576139,SPW
Q7589613,CPS
Q7589453,OPL
Q7590573,OYM
Q7604051,TBR
Q7616469,GZL
Q7618243,SCK
Q7838592,TRX
Q7846908,TOI
Q7960117,MUE
Q7975218,AUW
Q7975872,AYS
Q7976135,BJJ
Q7985208,CTJ
Q7976824,TBN
Q8002450,WBW
Q8021280,IPT
Q8564727,FOD
Q10853379,LDJ
Q10850849,LKU
Q10853606,LNA
Q10853499,OKV
Q10853586,OUN
Q10847213,PHN
Q10853767,THV
Q10851681,WRL
Q1708361,DCR
Q555489,VVS
Q8061037,2V6
Q14706408,HTF
Q14712918,MKJ
Q14710471,GDJ
Q2901620,AIY
Q3612309,AYE
Q14713460,BCB
Q1045919,BIX
Q3499338,BKF
Q14708401,BVO
Q1962644,CGZ
Q6383444,CKA
Q1657104,DFI
Q982089,DLF
Q14688955,DNS
Q1268666,DYS
Q730187,FFO
Q14712344,FRR
Q3016189,IDL
Q14704571,JDN
Q7984216,JRA
Q19828268,LFI
Q1550227,LND
Q735912,LSV
Q14704732,LVM
Q1583022,MCF
Q1114128,MIB
Q1407551,MUO
Q14710467,NGT
Q3015041,NHZ
Q1031594,NKT
Q3014726,NXX
Q3016279,NZW
Q1800390,NZY
Q14714508,OEO
Q14714581,PKF
Q2577056,RDR
Q980034,RND
Q14714544,RRL
Q14687296,RXE
Q1513045,SKA
Q14683909,SZN
Q17183470,TOR
Q14713974,USW
Q8058641,YNG
Q14714476,MRJ
Q14688756,PLD
Q1148639,EDF
Q14664640,SXQ
Q17183502,UMT
Q4126994,WRG
Q619959,SJS
Q14688914,MCX
Q14693491,AOV
Q14691818,BQP
Q20711147,CFJ
Q14714557,DAF
Q1654771,NV65
Q14692752,DXX
Q14709649,DYB
Q6902232,EFT
Q14686649,EZM
Q16890091,EZZ
Q18150423,FKR
Q17513537,GWB
Q14714496,HBW
Q14714447,HXF
Q18157382,IWH
Q16895081,JWY
Q5430267,LHQ
Q3661204,NBV
Q3014320,NRS
Q14714482,OCQ
Q14714604,OLG
Q1655201,3DW
Q14711072,OSA
Q18155175,OVO
Q18157113,OXI
Q7681680,3FD1
Q14711026,TFP
Q14691361,TZV
Q10853772,NV11
Q5508413,USE
Q16900867,UUV
Q14688680,UWL
Q14714559,VIQ
Q4373199,1AK3
Q1656460,AK23
Q619607,37AK
Q3274156,9A3
Q3273979,26AK
Q4452585,7KA
Q4254651,2A3
Q7208071,AK71
Q4063554,AK15
Q651666,15Z
Q7049256,5NN
Q14679941,7AK
Q7960223,AK03
Q4219001,Z09
Q6426598,9K2
Q2060188,2A9
Q4328065,D76
Q4519591,2C7
Q6588731,6K8
Q20712230,CLS
